subject,count,link
"correspondence",28,"https://dersuchendee.github.io/trovalarana/browse.html#correspondence"
"japanese students",26,"https://dersuchendee.github.io/trovalarana/browse.html#japanese%20students"
"atomic bomb",25,"https://dersuchendee.github.io/trovalarana/browse.html#atomic%20bomb"
"relocation",22,"https://dersuchendee.github.io/trovalarana/browse.html#relocation"
"university",22,"https://dersuchendee.github.io/trovalarana/browse.html#university"
"rubble",20,"https://dersuchendee.github.io/trovalarana/browse.html#rubble"
"moscow",12,"https://dersuchendee.github.io/trovalarana/browse.html#moscow"
"newspaper clippings",10,"https://dersuchendee.github.io/trovalarana/browse.html#newspaper%20clippings"
"japanese americans",8,"https://dersuchendee.github.io/trovalarana/browse.html#japanese%20americans"
"peace",8,"https://dersuchendee.github.io/trovalarana/browse.html#peace"
"trees",8,"https://dersuchendee.github.io/trovalarana/browse.html#trees"
"racism",7,"https://dersuchendee.github.io/trovalarana/browse.html#racism"
"anti-racism",6,"https://dersuchendee.github.io/trovalarana/browse.html#anti-racism"
"discrimination",6,"https://dersuchendee.github.io/trovalarana/browse.html#discrimination"
"dale, harrison c.",6,"https://dersuchendee.github.io/trovalarana/browse.html#dale,%20harrison%20c."
"university argonaut",6,"https://dersuchendee.github.io/trovalarana/browse.html#university%20argonaut"
"explosions",5,"https://dersuchendee.github.io/trovalarana/browse.html#explosions"
"reconstruction (1939-1951)--japan",5,"https://dersuchendee.github.io/trovalarana/browse.html#reconstruction%20(1939-1951)--japan"
"roofing tile",5,"https://dersuchendee.github.io/trovalarana/browse.html#roofing%20tile"
"world wars",5,"https://dersuchendee.github.io/trovalarana/browse.html#world%20wars"
"military",5,"https://dersuchendee.github.io/trovalarana/browse.html#military"
"atomic bomb victims--japan--hiroshima-shi",4,"https://dersuchendee.github.io/trovalarana/browse.html#atomic%20bomb%20victims--japan--hiroshima-shi"
"atomic bomb--testing",4,"https://dersuchendee.github.io/trovalarana/browse.html#atomic%20bomb--testing"
"concentration camps",4,"https://dersuchendee.github.io/trovalarana/browse.html#concentration%20camps"
"atomic bomb--blast effect",3,"https://dersuchendee.github.io/trovalarana/browse.html#atomic%20bomb--blast%20effect"
"students",3,"https://dersuchendee.github.io/trovalarana/browse.html#students"
"racist language",3,"https://dersuchendee.github.io/trovalarana/browse.html#racist%20language"
"clubs (associations)",3,"https://dersuchendee.github.io/trovalarana/browse.html#clubs%20(associations)"
"nuclear reactors",2,"https://dersuchendee.github.io/trovalarana/browse.html#nuclear%20reactors"
"religious leaders",2,"https://dersuchendee.github.io/trovalarana/browse.html#religious%20leaders"
"morito, tatsuo",2,"https://dersuchendee.github.io/trovalarana/browse.html#morito,%20tatsuo"
"kayo, rebun",2,"https://dersuchendee.github.io/trovalarana/browse.html#kayo,%20rebun"
"sproul, robert g.",2,"https://dersuchendee.github.io/trovalarana/browse.html#sproul,%20robert%20g."
"idahonian",2,"https://dersuchendee.github.io/trovalarana/browse.html#idahonian"
"moore, don c.d.",2,"https://dersuchendee.github.io/trovalarana/browse.html#moore,%20don%20c.d."
"atomic bomb victims--japan",1,"https://dersuchendee.github.io/trovalarana/browse.html#atomic%20bomb%20victims--japan"
"racial discrimination",1,"https://dersuchendee.github.io/trovalarana/browse.html#racial%20discrimination"
"wartime civil control administration",1,"https://dersuchendee.github.io/trovalarana/browse.html#wartime%20civil%20control%20administration"
"war civilian control authorities",1,"https://dersuchendee.github.io/trovalarana/browse.html#war%20civilian%20control%20authorities"
"proclamations",1,"https://dersuchendee.github.io/trovalarana/browse.html#proclamations"
"national organizations",1,"https://dersuchendee.github.io/trovalarana/browse.html#national%20organizations"
"war relocation authority",1,"https://dersuchendee.github.io/trovalarana/browse.html#war%20relocation%20authority"
"deters, merrill e.",1,"https://dersuchendee.github.io/trovalarana/browse.html#deters,%20merrill%20e."
"hughes, james b.",1,"https://dersuchendee.github.io/trovalarana/browse.html#hughes,%20james%20b."
"spokesman-review",1,"https://dersuchendee.github.io/trovalarana/browse.html#spokesman-review"
"the living church",1,"https://dersuchendee.github.io/trovalarana/browse.html#the%20living%20church"
"wilson, asher b.",1,"https://dersuchendee.github.io/trovalarana/browse.html#wilson,%20asher%20b."
"sieg, l.p.",1,"https://dersuchendee.github.io/trovalarana/browse.html#sieg,%20l.p."
"o'brien, robert w.",1,"https://dersuchendee.github.io/trovalarana/browse.html#o'brien,%20robert%20w."
"clark, chase a.",1,"https://dersuchendee.github.io/trovalarana/browse.html#clark,%20chase%20a."
"dewitt, john l.",1,"https://dersuchendee.github.io/trovalarana/browse.html#dewitt,%20john%20l."
"japanese american citizens league",1,"https://dersuchendee.github.io/trovalarana/browse.html#japanese%20american%20citizens%20league"
"lemon, allan c.",1,"https://dersuchendee.github.io/trovalarana/browse.html#lemon,%20allan%20c."
"tanabe, haru",1,"https://dersuchendee.github.io/trovalarana/browse.html#tanabe,%20haru"
"freeman, frank n.",1,"https://dersuchendee.github.io/trovalarana/browse.html#freeman,%20frank%20n."
"roberts, c.e.",1,"https://dersuchendee.github.io/trovalarana/browse.html#roberts,%20c.e."
"gross, rex",1,"https://dersuchendee.github.io/trovalarana/browse.html#gross,%20rex"
"baldwin, ernest j.",1,"https://dersuchendee.github.io/trovalarana/browse.html#baldwin,%20ernest%20j."
